darvleryeeish108,42933734-0044-3e62-98a1-956186492f96
shaquille0atmeal,502c989f-d1b7-3a77-96e3-e2de1cb27d46
meee,855fc01d-4338-338c-bc0e-876679a5341a
master87,6aecffa5-70f0-3354-a766-4e5a52838844
notch2_,369b9562-0f89-3184-9418-c2f9a4e0184b
ban,cb5e9ba7-6c8c-4eb1-aa42-4813f1f3b1ab
kathrine_hardina,cf263805-26e4-3b0e-acd3-f87676883b71
deevdarver946,f9779728-36d0-3616-8ff0-f4c7e1fe2b24
big_pp_man,cd5cc642-ecc1-30a2-87f1-a97af262551c
vooldarver436,0fcc2ba5-0c48-3bdb-93f1-89ee6d279903
pigman,19b80676-0c43-3f39-acc2-82724cbd371f
noahjpro__the_og,072f6ae6-055f-3bba-af36-f7df35ae7012
goofy_ahh,991b53e4-0a82-37f1-afde-0bc0387329bd
prike,e74c6bf3-a626-35b1-b423-5d2c3d405265
you,776c75b2-8980-35e1-9952-3459685fa7b4
1fps_og,a9174ade-0395-30da-a6b5-ffd065033630
skyblue,644b5e5e-030f-3fbc-99c0-ec1eaf065706
stickyboy1212,bdddfc06-ee35-3658-96f5-d3e5f7658e8c
rat,60b017c1-a38c-3c4e-a117-d35a55aec229
connor_is_cool,999bb675-cade-3273-abd4-541859958d73
stinky_goofy_mok,1eebaf88-b939-3ab0-b072-43a27036bff6
olli,37966d10-2386-3d13-858f-0c0ccfdab785
delores,faba823b-576c-3d2a-8a20-66435ad9f092
viggyeeish411,5aa82f22-7b87-345e-b165-0eb14d019135
childerndevourer,97821fb4-c0cf-359f-a654-cd7b9898b9d6
big_black_man69,22812612-fb8c-3041-94cd-2adaa44f486f
cordethhhhhegoat,d57d8000-4662-3e6e-b09a-d2a525a469bc
wqdes,b03c2f32-19ec-3ed0-93c4-50b4d5f754fb
yeevigg523,38142a8f-c679-344c-a646-7f54e9990a90
darveryeeish587,ea8741f9-3d33-33b2-a045-6d0f65264937
yeeishdarvler103,b9dfcdd5-9afa-301f-967f-e3783daa4ad2
mixmaster,f909fe7c-71b0-3b02-a10a-5b9ddab75814
viggyeeish779,475f61a8-b1d7-33de-b67a-48fca2197354
dd__,f94a6ced-52a3-32d1-be76-a19aaa645783
niggerassfuck,c0fe4b61-c6ae-3e6d-ac13-10ab76a4bec3
raerae,af5e3597-a90d-3df9-bcdc-05bcf15b6559
donkey_man,543a8200-db75-33ec-af75-8e172e579056
mr_chad,26360d76-416c-38d0-8485-50f809273a10
yeevigg433,58e6cac6-cea4-35ea-bf50-b76c5ded2cd7
yiggdeev419,976fab32-0bb5-31fe-b302-0962bd638fa2
private_cartoon,e2c6bccb-25c1-3a41-93b6-3cefe9020ac5
300hallo2107lol,88fe8c90-aa63-3f62-8b3e-c8c2ab87a8e7
bobthe_biylktr12,e876d79d-9ef5-3af1-929c-273cf2f6ff43
executioner7,905ad3d0-06ba-39f6-9ea2-ab6773a62498
yeeryeeish150,6ada16c6-1563-3ebe-9990-83c3ae753a04
eaglyeeg745,1707c749-d204-383f-8920-b6aa99445be3
mj_dubbs_,5edf0da1-6e8d-3674-a730-6b03cc3f7bd0
ppsucker,9bc19db1-2ef7-3662-9c76-f18d54644a93
yeeyigg343,32c3abd1-e7d6-34a0-a563-48f22b1015c9
darvlerdeev679,e1e3738a-e266-3c9c-88c4-995761dace99
pokemon123,cd2ecf13-0802-3012-b97d-adf8203442e5
hmoobtsab4life,4335ed7c-c349-3e9d-9c59-572662a91ac4
yeeisheagler805,1104d395-ef16-3449-9209-b32a5101eb32
phantomx1,099cae46-9f22-3d12-b7f4-c55f1890c1dc
daquin,708a77fc-e299-3da4-a9f4-1bf97bf4fb67
whythough,c9a40349-f654-394f-b443-8c1a9f73ca6e
brantley125680,f2c7b39c-d8bc-3f57-9943-96a7a1abe1a7
phin_is_gay,146eb7fa-3cf4-34b0-8038-fd0a421ee2b4
___,3aa10d45-6372-352e-b9af-2eba497ed912
darverdeev979,cc9c6424-6e89-3306-921f-f4a63365d325
this_is_overated,6eb6d692-c829-3521-9d29-dd73218f3963
ben,c6f192dd-9855-3c0b-9ba4-f10494358b69
bisnisb_isboomig,2d8dad5f-4e09-30de-9522-53316934dbf0
yiggyeeler781,e321f58f-1ba6-36cb-8c4f-aaea6ba4ec29
darveryeeler409,b628f9c7-cb66-3688-a6b7-82ce4f817b6f
yiggyee881,6c75c53e-d6db-3009-85a7-344ff6ffe44c
yeeleryeeler272,ffd4e952-988c-37ca-9c65-b01481a41e93
yeelervigg398,461f8567-9af8-3b4f-a570-1f3263990221
darveryeeish794,aefc2858-9f8a-3d6c-a438-73c1a42eaa47
yeeishyee846,fc43edab-5404-3472-a48e-d013666b6f53
bigpickleman,2447d1f1-671e-36c2-9056-4d3435f10c32
jude_is_gayer,f07f475f-6330-3870-bc35-7c87fe040449
cordell,9795af9d-d513-306d-90f6-e13b4298c0bb
me12345,b73228a6-289e-3ac7-8036-0a65570d557c
yeeyeeg401,595d5bf9-a148-3d73-8a4b-6f6fef1ae36f
dibbon,d3020302-1f3b-3687-92d1-6d717f8b7ca8
darvervigg608,1e2166a3-2a1f-33dc-b6bf-3283b2d0ac92
the_eddiez,c52002fb-4ccf-3160-adbf-9ebd6158ebfa
darvlervool363,f4d72b75-4fa9-351a-a030-147ddbc66426
eddyvr_count,791bf5bf-5f23-3fff-bba0-43aae1ccefd9
monkychunky,dc397e78-cbac-329f-9293-ac3e02a8af97
jlb50000,2b0efb06-7fef-3c24-9053-1a6644049b1d
2463163432189413,194cdfcd-7bb9-38b4-99f3-6c1e8290a8bd
jo_mama1,0c4cd472-6d34-37f2-b5ed-f030700cfc35
_dream,18e2b666-4694-3db4-8444-9951647eab14
yeeeagl481,4680a487-fb28-3807-bfc3-480838c00859
sylveonrando2,74eb5e9a-3b7f-3a19-aaf2-fdda3119ea5d
yeevool172,67870ccc-a17c-3d2c-a390-a1dd9b108e80
011723,dacc7e34-1453-3ab3-82ea-ff5904f05c81
lil_dicker,dc4eff8a-72f2-3124-b1f3-d07e44ea4fed
phantomx,5bbb875a-e7aa-34b4-9a6c-a934e6fe18c4
_barney_,8d3e2b3f-7a69-3598-a833-9539488e375e
ihatejude,3655aae1-8c48-336e-a02c-f51c0a82cab6
blocks,2698f29f-e91a-2082-8868-02a5ccf42064
sub2itspokecraft,c6ed798f-42c5-3bd2-83ea-e43687c93443
pokecraft,ba42715d-c144-307d-ba70-bb353e1530a3
mikeyminer,bf9bc9e9-90cc-306f-a719-452a6de37a5d
chuckles,8d561c17-d775-36bc-a307-c70653ee8e0a
342897957497523,2c9c983a-fff5-336e-bb23-3363b9bedfa8
spottedkit,0ac2ae46-88d9-394f-bda3-7cdd9941ed5f
yeevigg740,f57412ae-4424-3959-a00c-63e0de805e7e
laxitive,617f240b-30d3-3f56-bfdf-51947c34be7c
goon,730c7c0d-3a30-3997-b635-07da12807345
herobrine,25966168-dc9c-360c-8f32-ed022bfa1070
wqdesd_,d3daab9b-01ee-3a8f-a7d3-f2b0776102ac
nitro_c1ipz,006b93c6-775a-3b05-b2db-74435aae38a5
popcorn,4c0759bc-0b55-37c6-84e5-30e00076aadf
purple_haze,4c34eb12-649d-39b3-9926-d7c1cec11b62
john_fortnight,eb861822-9c55-3010-8144-77b8110df020
daquavion,b4c1ae74-46fb-39e3-ad8f-117a407763ca
darveryee860_,1dfbf01f-4956-3468-98ba-d239236c88f4
wqdesd,0b3c422a-68ba-33d4-bdcc-3cd4cb994a9d
eaglyeeg745g,eea30ac1-c06a-309c-8e73-4366d96f5aa2
raeeeeeeeeeeeeee,20fdb261-4323-3b10-a116-782838943f2f
trapz_box_u,c522688d-8742-31b6-a13e-4c7247587480
yiggvool123,5d5e2176-ea25-350a-b77a-466fd21a14b3
a_random_person,fb00cc18-9437-34ac-bcf6-96ba76f5303b
its_rae,67b26203-aba6-3e9c-9bb3-2b0c8747103b
nomnomcow,d190dd83-d2b9-3ab8-81ae-09cb5e66b4f1
deevdarvler250,fc1ed25e-9f01-3460-9361-99f4161e310f
fart_nugget_l0l,8e90c842-7992-3e2d-9ba0-a4851ed3a342
iiojk,04331d0a-0457-388a-8e8c-7db8476a910a
silver2285,6e6a828c-2c12-3cec-8616-2779bc9d62cc
joeys_gay,e57a57e8-9a4f-3698-b1a6-3a0b83894ec4
yeerdarver738,dc9049b7-32ae-3276-95ba-d81e75a4d1dd
yeevigg487,dce5949f-3ca6-3b3c-8da1-3053651f86ad
itspokecraft,b9d53bae-d387-3f76-beff-1edae054d273
formedchicken,284704b1-10ec-3e9f-b252-0c1b1f2e98ae
the_person2,1ee79c95-3815-326e-af9e-3f49409ce4f8
tnt,f5d27011-ff33-3737-97dc-0202bfd5b827
christopher,cb0b2d2e-727a-3a17-b279-959cd61fc496
lyric001,28a7eed9-ef6b-3066-8f29-4eb286d0768c
dog,8c783d34-7b30-2103-90bf-1edfd831aff6
don,ce5c7d18-7f26-3752-b640-e5b8769f354c
yeerdarver738j,55a95f41-5ff5-3f69-8ff5-798a99425e7f
robdajeb,68d881b9-7dc8-3961-8a6d-88bec836a13e
phin_sux,e809c3af-c8a3-3076-b411-16af59d62a07
the_person_,a6564d74-68bb-31c2-aa5b-fce397dff900
private_cartoona,9699300e-3b6f-348c-9b5f-48e5cf95f71f
summer,520324a1-0030-3345-abb1-bbb9262f6798
hagrido7,582250ed-d778-3f3c-b654-62e2e57b8aa9
mr_zombie,aa0ac6d8-75c6-3216-ae30-93a06b7e346e
deevyeeish482,c9a99bc3-c245-37e1-87fc-c818138e159b
steve,5627dd98-e6be-3c21-b8a8-e92344183641
biggcordegoatman,93abf6b2-8c78-3429-8dbc-dcfeda31f249
tempban,b5d9eed9-4264-3b62-a5ae-e91232aae67a
camera,17b7e113-509e-39b2-b5f1-87cb10cece11
destinyuwu,2ecd8cff-9585-3702-8286-3bd548eae793
donut12,0881bd28-f656-359d-9f31-bd1dba8a42bb
viggeagl470,9309fe27-4b8f-3f1b-ab5c-d2b8b8de3166
that_guy4123,85a8c1c7-66a5-3cde-95a2-f7218bbd5382
imjustb3tter,dff30c26-3e76-370f-9b0e-5871c8a51567
tard,1998a760-1422-3457-9fcb-da3f864e6c49
yeeleryeeler101,9598e109-3728-342c-9330-e82d95d8999f
timezzzzzzzzzzzz,96bf7a47-f5e2-3f89-9ab3-d90fc9f4ec9a
5324543654354364,74be3040-3af4-351d-bec4-4bfa244173b4
donkerdookie,1406d2d9-bf15-3821-97f8-20b58357ae5a
chidlerneater,b29cc236-7995-3204-b9ad-721b023e6241
tubbybird24,18d5974a-4503-37d6-a98d-d0f4ee16b4f0
the_personh,05d8a6fb-6047-3810-8e71-b7260cdadea2
1243546786347677,dc819f26-ec72-3939-8d3a-4b724e305ca8
doodoo,a0bf0a32-c421-338e-88cd-f9229c274bbc
squrelnutzipper,23a81252-23eb-3ff7-85e3-d77bbd1f52c8
entity,1575d7a5-78ab-335f-b76c-b74aeec9bd61
noahj,eed29741-40ef-36d5-b8ba-90788d6ea4a5
yeeishyeeg873,bc1cd467-b428-3e36-9360-fdd9fdf0a124
cow,34671dd0-6785-3dda-8fec-7e337ecfb8bc
we_123,c6d8cc7f-9635-35a2-bf83-2a16853b227d
pig,42835048-47ba-3c95-bcbd-f0e6fd38ef2b
sylveonrando,c5a03418-6152-3822-afe0-6085f63542e6
bne,ddcc8074-32ec-3cc2-9300-e3c6eaf394f0
ohohoh,62f36e07-237a-3e1a-96fe-d711288ec220
yeeyeer244,c6065e60-edb6-351d-bafb-57e79e10e399
holden_tudix,55bada8f-3a34-3c99-bb10-39405218eb48
type_null,1f10be8f-b445-3275-96f6-825bc06f8072
borderhopper,881def3d-fee6-3aec-ae45-db00c76d3092
i_hate_mason_w,9146ddc5-f63d-3444-a5c8-f2ab9a582931
lax,c79d7e91-7b4f-3bb3-b0f3-f9cfb5852c95
dream_,ad28f414-c397-351b-8db9-41d962224172
yeegyee194,6e908b2e-fd66-3ca2-8201-20fab16b9818
viggyee857,dfbb2d85-cab9-3859-8fbf-78796802e614
propolles_911,f5c5cd8a-db2f-318a-9ec7-3803a548a3b2
endercordgoatman,e8a8c0e2-86e5-3ec2-8cd3-b36fa4cc9a21
formedchicken77,511887f7-5d6d-3c57-a25d-5adb2aef879d
deevyee268,93a1e0af-e843-3b3c-985e-48b53bb17e02
bob,faa5dca3-c3d4-354b-ae1b-dde9e5a14b3b
5437894739871937,96d31daa-dc62-3b13-9313-39b0de1997c4
dream,e6135a83-d680-39d6-b4be-65a3d8bb97ad
viggeagler317trh,be6c2a06-32c0-3f00-9edb-94923ee0b526
entity_,3569a688-e3f2-3b47-929d-b4b530b7fbec
ieatchildern,b1ebc23c-8f65-33b5-9041-22668d10ba5b
kirito,7f80c9ef-7968-336d-9498-f5c1fbb3bbae
yeervool870_,4681cf01-fcce-3f49-b9e5-7a365d6fb733
brantley125680kk,56b5936c-eb2c-38cc-8e1a-5f4e06f8a415
thenomnomcow,8ada02d1-a08e-32c5-bc53-b03a1a0837cd
jo_mamann,63a6a7cf-d7db-3f79-8b8a-5c85a8b9c315
kingjoey1,7af829b1-e150-383b-b136-02c69f7aebe9
crowfeather333es,3d116b51-d076-3e79-8c97-d783ff9b3b73
yeevigg112,fc6b06af-7c3f-3c87-9c54-a32713d4a66d
formedchicken67,8b7892db-8420-3be9-ad2e-79926d129c81
viggeagler317tr,52d5c60c-a08e-3b68-b031-3df43a0b7309
voolyee106,c5fa1239-4ab4-382d-8dae-b2db8e1e201c
bisnis_is_boomie,37f58f65-bdee-3578-9b47-fce561f79bf0
the_person,f73ec942-fba1-3ab3-9192-ad1ced9193b3
jamal_the_3rd,8353b65d-e8f9-3994-b911-e60a8726e347
doughboy_2_0,e8484308-8ea3-3bc9-97aa-9f5a071885ea
cusser,e811bdd8-59a2-32b3-9152-2c831959264d
herobrine_,60afba7a-08df-37ed-9f49-32e9b77009e5
lj__,9872a24e-a16d-33dc-8786-6aae8cd2c221
batman,e28b1a65-8022-3f14-b7c9-da63f5a4c1dc
idoshrooms111,b5ded3f1-9827-318a-8f4f-0d7672e4d0e0
mikeymining,d2affa93-03b1-3def-8f1e-dd4d231e8953
corbs,34c83674-476c-3247-b79b-71c98c92eeeb
bobbymicfly2230h,0ccc6fd8-4589-3acc-8bc5-e849fec283d5
heheheha,d8b82503-eedb-370c-b871-4bcec999787f
elly_is_cool,d99a76d9-f63c-3c8d-b68d-d7c13a1b8f45
childerndevou_re,6c20a6b2-e074-316b-b6c5-deca1d120996
eaglyeeg398,d0d55eb4-40c7-3aa7-99c2-f1e5c484e37a
purple_haze_,f00032e0-7b40-33ce-a36c-bfac95d6acee
big_neck_renewed,f9b477f4-9561-3974-b75f-64ab7b28524b
i__,f9fcc316-6222-3776-b0b7-f39e7b18574e
bank,5be07548-918e-2a20-ba43-5124bec7aae8
prike123,7612f35d-dc6a-3176-9e9b-ab20b56c8ceb
o__k__b,4772304b-efb9-3b65-96c2-063c169257a9
98syhfd,dc3412d9-c4d1-3160-acd8-aa12b9157ccd
tanjiro_,aa224cfe-9899-3b4d-b797-c3aa6ca0ccb2
57382945743895,8fa3d142-d21d-3bd5-b97b-23314cb141c6
s_h_a_d_o_w,631fc403-a583-3953-b8e5-5fea8f21bda6
x03_gay_1,4d134eeb-c25c-36e9-8db3-b433da234562
ssssssssssssssss,49a23bcd-782f-30b2-9ab3-8b8e0a4c92d5
viggeagl4706,5c72af72-b2bd-346b-aaa7-8e0b93499d47
jaquavian,b499f05a-c0bc-3d91-97cf-c71905411e6f
items,f1889b87-9741-2e46-ac96-71b9c426f857
griffinboi420,bccbba9b-73cb-3659-a8aa-e3581d943ab0
yeelerdeev719,19b0d89b-2d46-3f79-a67f-5e551ed6b06b
piggy_boo_bear,5b40f221-6d23-3162-bbbf-e1931a1945a4
h__,33e8f770-0d9c-3dbd-bd4c-d556d178fd95
childerneater,ab45fd93-c169-33cd-a487-6f92329a5335
ilovefortnite,fb17f689-770c-34ba-bc9f-33a9f153ef0e
tree_cutter,b6d6c53a-a8e4-3a04-b3d7-230dc0919eed
stinky_fish_24,d200fa41-b773-39d1-aea1-eeb997908a3d
yeedarver100,cb60307d-9fdd-3e69-bbe0-92b3d0df019e
payton_k09,489b527c-2574-3d35-91b8-17f898b376fa
go_crazy_12,4ad9f58a-3894-337a-b24c-d3a6771aa67c
yeedarver462,6e53a7fc-40ce-3d7a-a09b-22186680dd76
yeeeagl722,7fb99a56-237d-391b-bbc0-bef547fd59fc
yeeleryigg794,b93877af-4181-36d8-98a6-f98efe67c2ff
doughboy_2_0y,64f839e3-13df-30df-92ad-1c802182519f
pp_,d05b52de-8334-3a7a-ac03-fdeee2d6d92f
retard,275ab525-9361-3eba-82b5-b80189d48497
98syhfb,87ba7bac-34fc-3ebc-9912-15e4e5342400
yeeryigg286kdfjk,e00779b7-7648-3d11-bebe-dbf4505e0044
methehe,242a5861-ce44-355d-94ff-56ccf0d44c26
fluyd,e35e2a1c-d376-384b-b602-c21849bbce9b
josh,2ce9388b-525d-3051-8c12-541fce65cefd
benifki_,c7fecb05-d7db-340e-911d-f8dbd7d51d30
cordethegoatt,d82cc1d7-4c5d-37b4-a6ad-a38c6433bf2d
bigfish321,81f438b9-98d9-3ede-8d6c-f9f84f0000c7
donkey_man123,8f9da947-444e-3329-8428-1f4cebd1dbe1
whythough2,6f5ed43b-7865-31bc-abcc-5b1ee5355cef
jaquavian_______,ec2ed955-e363-361b-b50d-b763989054e0
pokemon1234,d9a96c18-3c2c-43b5-bf0d-7d9587d464dd
so_yeah,8272e2b1-4128-3429-8840-2978d2b8aab9
cdub,591b7397-0474-3811-87ba-cacf4f4bbaf0
hugo,24809dd8-a467-4946-8df1-e9c200cd02f5
dream_ig,3685717f-985b-385e-9bfe-ba4cdfd43666
jeb,577cdf6a-e140-3bf1-a097-c3f4caaa4454
ruffus08,664e74f3-64c9-301e-abed-e8b6348390d5
jeb_,68f45697-675f-33db-abc6-9adc644d11aa
bigcordegoatman,b475697f-e81c-383c-8646-1b0411415c82
border_hopper,d62a7d44-6a98-3f9a-9b7a-654acd4c9550
king_musroom,c25d0559-d27d-3ed3-b1a7-edfd05e1d563
jaquavian__,21f77ad0-c2a1-3c22-8e39-ae70b91c4580
_rae_,db6dddeb-75ac-340b-bd6a-91ee9271cd04
yeervigg263,9d5d210e-2a3a-3910-951c-c9f8892e3777
dudu_dream,fd0c6a00-3bb7-3798-bdac-f75e47518c54
lj_,bc14a605-87c7-3d97-8bb1-69a2471f0e49
boysfl,38bc7ae7-f379-3077-929f-ad5a342dde10
private_cartoons,e36a388c-4e44-3af2-a7ae-a03c505ddc9c
bobbymicfly2230,8c9d0455-d97a-3b2a-ac33-05b25a7bc361
darvereagler524,870c4b0d-bb02-39c4-884f-370458dd52dd
156637755587,d5aec39e-14e2-3238-9a2a-b4bc8f5b9012
nerjijienruei_,45235a73-a7f2-3553-af59-ec64a16bd505
dabiggestbird,ce0efb80-0ade-3070-b961-8eae416b5dce
darverdarvler706,e0f5608d-0295-34aa-9e14-6bdeacb73d57
darverdeev233,a2dea207-d32b-3ebd-a37b-268c3575d97d
1___,01b7c7cc-126e-43c3-b2d1-83b4c4cffe83
yeeyeeler225____,6e8718aa-c095-396f-abb0-1eb480bb0dcc
notch2,d4b2dd22-ec08-3b91-9e6d-1dc551d83f6c
evade_darzy,cbfc5843-7101-3920-8826-e036f5c0e8c1
yeeishvigg298,95808b2c-6f19-3f77-875c-f23995e44b4e
iioj,a0f26eb1-c234-3063-8cfb-82cb30662fd5
jo_mama,c7b7207b-91e4-34d8-99de-42d302d0ecf7
noo,4ccd0550-b935-3556-b9f4-96808b865249
viggyeer973,536f4d98-3ee4-3061-8a8d-1e82823992cf
cotten,730c5309-46c8-3d61-9205-28efdd9d18c1
eldon_,b8c9f40a-15dd-31b2-b24d-cf8be7f96d2d
yiggeagl419,5905e60e-558e-3302-b928-b395801050ea
tanjiro_kamado,8be7b8d5-463f-370b-b316-583bcbf9f7bb
viggyeeg875,df5c159a-8775-373d-80cd-3f4f35c51e9d
skinners,2999fa8d-9588-3fd4-abef-ebaca904b7a0
yes,ea922ad6-ec0a-3f6a-b7ae-0a1b23a7304a
viggdeev727,fffe8b6f-dc69-3326-9adf-6d6689d255a0
deevdarvler954,b339b734-0b90-3ed8-8f62-f8a2bf12033a
thewaterhusky2,8b91e221-d617-3365-85a1-0505b5715850
jerome,ee8487d7-9903-391e-8c3b-0c1f455afdff
otrain614,b78698c0-9eb6-3eae-94b6-6a97bf4f54f1
time,47ff64b2-e639-397a-a92e-382076f7cd2c
eldon,eb400f85-083d-3e4c-82fa-ac96e61155b1
jgfghj,d2727c1d-cc85-38fa-8c52-cf1c5d4a62e6
c_moon,683fe1dd-6035-30e6-bd43-b2657e3479e4
darvervigg108,35beb372-a701-3ab1-8ba9-653bbf9ff9f8
e__,0db4de83-76b2-31ba-91db-bb7d00761c43
cordethegoat,1d410add-3b9c-3aef-b91f-96867e0156b0
charles,0062c925-9977-3f23-86c1-65f45f7e4394
phinlovesmen,0174127e-d6db-3243-af27-9d7f086ba31f
zzzzz,7a810420-7741-3ac2-b17c-8bdcfdfe1dee
big_pickle_man_,d784a957-a14e-358f-bb37-7c6698ffd295
eddiez,b1fcc937-4fae-31a6-93b0-d8561af98368
1234567890,8e05a522-ddb2-39b5-89d2-fe4f511b1e1b
red_rage,f18636d8-e340-3b76-80fd-0b9fac6d4505
survivor_mant27t,ce2afdb7-4d2c-3c97-985e-3726878d5dbe
snoopmallymal,0c6ee0f7-3d25-3032-a2d5-ef5dcbbe4328
whatiskilometer,9040ec25-813e-3ff4-8c97-905fdb66be72
mikeymikeymikey,c912377e-c8d8-3f47-af62-35331470188c
darvervigg358,79591953-e7b5-387f-99b5-0add0e598fc3
big_boy,8c4fb2f8-6f7b-3feb-892e-f152decdc453
steve_64,ccfbd16a-12c5-3b79-97d1-fa99057ce8d8
jude_is_gay,8a132078-f256-3a4c-b671-b337f17817e4
survivor_mant27,296c94f4-dd56-37b6-8f41-a229526524b8
yeegyeer787,e3d6685d-f387-3479-9174-dff70029844a
07_,b7c5c17a-59ab-33f5-b58b-1b673e30cd39
rae_,9f94402b-1df0-30f7-82b2-0dfe684887ec
jude,a46849a7-42f4-3d59-8931-01ce10f1293f
winnie_poo69,1d116df7-542a-30eb-8c61-c253a0680a8d
voolvigg758,11416a19-cfc2-330d-b634-4665a9dd57d1
straiined_,e26ab582-0e29-3f29-ad96-c5de2b29d341
formedchicken6,fcadcf2e-c531-3975-9c01-f0bf48dbacdd
nicamonkey69_420,f36ae2b3-d5c4-3455-a778-03a8ccecf67e
189301290471392,b94b985c-3fd1-310d-bee8-5eb6d29f1a9b
we_,2e2793d9-edbb-34e5-a77f-d36eb261c5cb
_dream_,a2460064-4bd6-38cc-b139-5991a7564c5e
nooo,55403fdc-5a9b-30b2-8784-e7293ff2aefe
mr_human,310b017a-3010-391e-8d93-f56d905ca43d
preston_fan9,db6da880-95f0-3e55-8697-013409407f29
eddyvr_count____,5b4b99e5-fe74-3414-9d08-8f0ac569d458
noob,84416e01-e1f7-3009-b000-15fea8ba93f7
darvlervool318,034ef365-49d4-35e6-8fb5-8ce041fff9b4
07_in_chat,79be842e-f05a-3423-b479-cd4ed7e2ee27
pokemon1515,403fdfea-fbd2-3e9f-81ad-1da06450d599
hagridoo7,6fc005ef-2704-3ab2-889d-918a975f4946
servivor_mant27,c5b7300e-c05d-3b51-ba86-0f6b4efda89b
lil_kid,6cd18481-773d-38e0-80a9-5efc589fe13d
yeeishdeev445,e54a5e2c-a77e-3197-8530-14ccdaca5ade
yeegvigg571,fe3526ff-85bc-3338-a643-52020e126fe5
broken_bones,9639155a-06b2-3610-8947-2c8f265f7d62
arsnal_,8403b1d4-f373-386e-9c32-f4429ea53892
vooleagl734,b1a3d219-612d-3714-a403-3f26d5f1b0f9
nut,7170c22a-9197-379c-a4eb-2d0870a3064b
itspokecraft2,34d8626e-aa73-3dc2-b117-e90bcb30b77e
youngboy,17393882-f33c-3bef-a2e4-700128993805
nerjijienruei,1c4bac23-3ab7-3c0c-a273-92f94a05d3c7
tenaciousdtribe,fe4b2e38-ff83-3c2a-9e56-004db4b6c060
wmsh,a0971afa-842f-3e7d-8e63-4f7389302837
darkblade,82e0c5bf-e33d-3598-ad35-d75cc0551b27
derek_kirklewski,d8edb370-c527-330d-914e-c4a175aee6b6
pleh,022c80ba-683d-3a99-8152-9b1aaf55a420
type_null__,36ac1751-74c2-3468-9f31-769aa76c91ba
crowfeather333,33619cfb-8e24-360e-a739-e2643ab9624c
me123,aa7ab67a-2218-34a3-978b-99a3e73965a8
lorenda,6c516650-de7d-310b-acae-7d0831d436d5
scraprap325,3064684d-6cce-37bf-90d7-19a5cd9e46e3
yeeishvigg261_n,e9e88005-1c50-365f-8809-5de0404130f4
jaquavianp,b32ad316-89a7-3d87-8b1b-1804ef261d32
balls,72570bcb-9606-412d-820b-1b50c295a7c6
kingjoey,4dbd1057-548b-3fcf-af5a-3a56419a336d
darvleryeeg550,7c809aca-eef9-33ac-a083-b7718c6a4ac2
1__,97c63bf0-77b2-32a2-824a-6c285bbafae6
brantley12345612,25cd6c05-98bd-3993-96be-a1960efda0e3
win,661d7291-0125-3801-b1b2-56490e2cbf91
dd_,55c0f454-9644-3fad-921e-7cb2b48d60aa
daquavion_,070d9981-e3f3-3110-bd6c-926af7e582a2
ra3,faac5604-9b0d-3e6c-be76-a6cda4407fa7
eliassillygoof,c498d7dd-33b4-3791-a516-d66e07fc1012
baconeggs27,09a65696-3283-3a59-9224-5106562d2f54
big_neck,e7ee6ac5-5439-3900-a2d3-88bcbb20ecc3
daddy,e0b2c81e-23c1-345c-8298-d5e2fd998f2c
jaquavian_,e6877994-e491-35c9-a5a0-25e9bcdd46b1
winnie_poo,84887e5d-d460-36f3-b9a4-cc93abfde99a
someone,9cb736f3-6dee-3e43-9daa-565eb755e0d5
perfect_duud,6ecaf27f-56b4-3a2d-8a24-9bb3484b530f
viggdarvler654,e83795e5-b9c3-3c74-92cf-7d5833290b0c
ice_spice,968256e8-dade-3a08-9989-9128b9323584
c_moon_,af3b6a91-4564-3b99-bf7a-7e58f2895d3f
brady,17a755f7-e3e3-371f-bba5-401e4ca51f1b
deezgoals,aa553b93-3c82-34f0-a92b-b186aca33bc3
c_moond,5e71759d-d721-3989-a15c-ad256e9fc78d
